{"mS":"3.5","eM":"0","f1":"4.0","f2":"4.0","rw2":"4.0","f3":"4.0","rw1":"4.0","eS":"3.5","f4":"4.0","rw4":"4.0","rw3":"4.0","rw6":"4.0","rw5":"4.0","idpa6":"4.0","fM":"3.0","g1":"4.0","g2":"4.0","g3":"4.0","fS":"3.5","g4":"4.0","rwS":"3.5","wr2":"4.0","wr1":"4.0","wr4":"4.0","wr3":"4.0","wr6":"4.0","wr5":"4.0","idaf4":"4.0","idaf3":"4.0","d1":"4.0","d2":"4.0","d3":"4.0","d4":"4.0","d5":"4.0","d6":"4.0","tu4":"4.0","tu3":"4.0","wrS":"3.5","m1":"4.0","m2":"4.0","m3":"4.0","m4":"4.0","dM":"3.0","e1":"4.0","e2":"4.0","e3":"4.0","dS":"3.5","e4":"4.0","e5":"4.0","e6":"4.0"}